day,site,new_customer,platform,visits,distinct_sessions,orders,gross_sales,bounces,add_to_cart,product_page_views,search_page_views
2001,Botly,1,Android,11,10,11,1090,0,11,4,19
2001,Sortly,1,Android,14,10,4,432,4,7,33,52
2001,Sortly,1,Windows,1,0,0,31,0,0,2,2
2001,Botly,0,Android,20,19,20,2405,0,20,0,0
2001,Sortly,0,Android,94,73,7,1217,27,26,213,317
2001,Sortly,0,Windows,2,1,1,55,1,1,5,5
2001,Sortly,1,Android,23,13,7,665,6,11,42,61
2001,Botly,0,Android,23,22,23,2604,0,23,1,1
2001,Sortly,1,Windows,1,0,1,57,0,1,1,1
2001,Botly,1,Android,11,10,11,1048,0,11,1,1
2001,Sortly,0,Linux,21,0,20,11,0,20,21,21
2001,Sortly,0,Android,138,84,28,1055,29,46,202,311
2001,Sortly,0,Windows,24,3,21,152,0,22,29,36
2001,Sortly,1,Windows,21,0,20,22,0,20,21,20
2001,Sortly,1,Android,43,13,26,645,5,32,70,94
2001,Sortly,0,Android,129,79,29,1281,29,47,220,309
2001,Sortly,0,Windows,23,2,21,89,0,21,26,27
2001,Botly,0,Android,44,23,44,3107,0,44,21,21
2001,Botly,1,Android,32,11,32,925,0,32,20,20
2001,Sortly,1,Android,39,13,24,338,7,28,45,54
2001,Sortly,1,Windows,21,0,20,21,0,20,21,20
2001,Botly,1,Android,31,10,31,1034,0,31,21,21
2001,Botly,0,Android,44,22,44,2570,0,44,23,23
2001,Sortly,0,Android,110,69,25,621,26,42,136,182
2001,Sortly,0,Windows,22,2,20,40,0,21,29,23
2001,Sortly,0,Android,81,51,24,509,20,36,104,149
2001,Sortly,1,Android,32,9,23,296,4,25,39,45
2001,Sortly,0,Windows,21,1,20,15,0,20,22,22
2001,Botly,1,Android,33,12,33,1116,0,33,21,22
2001,Botly,0,Android,46,24,46,3301,0,46,26,29
2001,Sortly,1,Android,35,10,23,283,6,27,38,59
2001,Botly,1,Android,33,13,33,1559,0,33,20,21
2001,Sortly,0,Android,75,47,23,502,16,36,108,152
2001,Botly,0,Android,45,24,45,3307,0,45,29,31
2001,Sortly,0,Windows,22,1,20,46,0,21,20,21
2001,Botly,0,Android,41,19,41,2154,0,41,22,24
2001,Botly,1,Android,29,8,29,1022,0,29,20,20
2001,Sortly,0,Android,103,64,24,440,25,36,103,168
2001,Sortly,1,Android,35,10,22,262,5,26,37,32
2001,Botly,1,Android,28,7,28,702,0,28,22,23
2001,Sortly,0,Android,93,54,24,391,21,35,101,148
2001,Botly,0,Android,43,22,43,2823,0,43,24,24
2001,Sortly,1,Android,33,8,23,233,4,25,42,57
2001,Sortly,0,Windows,21,0,20,5,0,20,20,20
2001,Sortly,0,Android,87,52,23,310,20,36,119,194
2001,Botly,0,Android,43,21,43,2631,0,43,21,23
2001,Sortly,1,Android,30,7,22,127,4,23,28,33
2001,Botly,1,Android,28,7,28,934,0,28,20,20
2001,Botly,0,Android,44,23,44,3022,0,44,23,26
2001,Sortly,0,Windows,21,1,20,8,0,20,20,20
2001,Botly,1,Android,29,8,29,837,0,29,21,22
2001,Sortly,1,Windows,20,0,20,10,0,20,21,23
2001,Sortly,1,Android,33,8,22,174,4,24,45,46
2001,Sortly,0,Android,88,53,25,463,21,40,114,152
2001,Sortly,0,Windows,22,1,20,34,0,20,22,20
2001,Sortly,0,Android,84,48,25,470,20,35,89,129
2001,Sortly,1,Android,34,9,23,352,4,27,39,43
2001,Botly,0,Android,38,17,38,2235,0,38,25,27
2001,Botly,1,Android,29,8,29,914,0,29,21,23
2001,Sortly,0,Android,74,43,23,343,16,34,114,155
2001,Sortly,1,Android,32,9,23,233,4,26,37,47
2001,Botly,0,Android,42,21,42,2762,0,42,24,22
2001,Botly,1,Android,31,10,31,1119,0,31,33,22
2002,Botly,1,Android,27,6,27,720,0,27,27,25
2002,Sortly,1,Windows,20,0,20,4,0,20,20,20
2002,Sortly,1,Android,32,9,24,517,3,27,60,69
2002,Botly,0,Android,41,20,41,2704,0,41,20,22
2002,Sortly,0,Android,75,44,22,251,18,33,95,138
2002,Botly,1,Android,27,7,27,713,0,27,23,21
2002,Sortly,0,Windows,20,0,20,3,0,20,20,21
2002,Sortly,1,Android,30,7,23,366,2,26,33,35
2002,Botly,0,Android,39,18,39,2421,0,39,27,30
2002,Sortly,0,Android,71,41,23,282,18,36,93,161
2002,Botly,0,Android,41,20,41,2680,0,41,23,22
2002,Sortly,0,Android,66,37,23,344,16,34,81,122
2002,Sortly,0,Windows,21,0,20,17,0,20,21,21
2002,Sortly,1,Android,29,7,23,282,3,24,34,39
2002,Botly,1,Android,27,6,27,743,0,27,21,23
2002,Sortly,0,Windows,21,0,20,14,0,20,20,20
2002,Sortly,1,Android,33,9,23,267,4,25,36,47
2002,Botly,0,Android,42,21,42,2452,0,42,21,21
2002,Sortly,0,Android,87,50,24,599,20,35,105,146
2002,Sortly,1,Windows,20,0,20,6,0,20,20,20
2002,Botly,1,Android,28,7,28,923,0,28,22,24
2002,Sortly,0,Windows,21,1,20,14,0,21,21,23
2002,Botly,0,Android,43,22,43,2867,0,43,22,22
2002,Sortly,1,Android,29,7,22,208,3,24,30,29
2002,Sortly,0,Android,87,53,23,354,19,33,105,148
2002,Botly,1,Android,26,6,26,701,0,26,24,23
2002,Botly,0,Android,46,24,46,2915,0,46,20,20
2002,Sortly,1,Android,31,8,23,215,3,25,31,32
2002,Sortly,0,Android,93,55,24,434,21,37,110,136
2002,Botly,1,Android,28,8,28,811,0,28,25,22
2002,Botly,0,Android,45,24,45,2913,0,45,27,30
2002,Sortly,0,Windows,21,0,20,25,0,20,21,22
2002,Sortly,1,Android,34,10,24,474,6,27,41,52
2002,Botly,1,Android,30,10,30,1059,0,30,24,29
2002,Sortly,0,Android,89,55,24,376,22,37,138,206
2002,Sortly,0,Android,91,55,25,572,22,39,119,187
2002,Botly,1,Android,29,8,29,981,0,29,20,20
2002,Botly,0,Android,43,21,43,2889,0,43,26,26
2002,Sortly,1,Android,36,13,24,388,6,28,36,41
2002,Sortly,0,Windows,21,1,20,9,0,20,21,21
2002,Widgetry,0,iOS,144,118,144,16461,0,144,3826,2774
2002,Sortly,0,Android,86,49,24,477,21,37,119,176
2002,Sortly,1,iOS,58,26,32,1252,13,36,60,60
2002,Botly,1,Android,30,10,30,1057,0,30,23,27
2002,Botly,0,Android,46,23,46,3180,0,46,22,24
2002,Widgetry,1,iOS,38,17,38,2146,0,38,544,468
2002,Sortly,1,Android,34,11,23,270,5,26,34,46
2002,Sortly,0,iOS,302,232,48,3209,91,88,403,433
2002,Sortly,0,Android,80,48,22,281,20,37,101,148
2002,Botly,1,Android,32,11,32,1181,0,32,26,34
2002,Sortly,1,iOS,61,32,33,1321,13,38,67,61
2002,Widgetry,0,iOS,160,131,160,18522,0,160,4265,3241
2002,Sortly,1,Android,35,11,24,341,6,27,44,67
2002,Botly,0,Android,48,26,48,3675,0,48,24,27
2002,Widgetry,1,iOS,40,18,40,2146,0,40,494,449
2002,Sortly,0,iOS,306,243,46,3067,84,90,494,540
2002,Sortly,1,iOS,70,34,32,1231,12,37,79,85
2002,Sortly,0,iOS,468,359,52,3439,123,101,554,601
2002,Botly,0,Android,46,24,46,3096,0,46,21,22
2002,Sortly,0,MacOSX,21,1,20,15,0,21,21,21
2002,Widgetry,0,iOS,165,140,165,19278,0,165,3998,3055
2002,Widgetry,1,iOS,42,21,42,2614,0,42,488,433
2002,Botly,1,Android,30,9,30,1148,0,30,24,26
2002,Sortly,0,Windows,21,0,20,8,0,20,20,20
2002,Sortly,1,Android,37,12,23,347,6,28,43,57
2002,Sortly,0,Android,110,70,25,602,26,39,116,171
2002,Sortly,1,Windows,20,0,20,7,0,20,20,20
2002,Sortly,0,Linux,20,0,20,9,0,20,20,21
2002,Widgetry,0,iOS,171,143,171,20358,0,171,4064,3144
2002,Botly,0,Android,48,26,48,3263,0,48,21,24
2002,Sortly,0,Android,113,67,25,542,26,36,126,174
2002,Sortly,1,iOS,59,27,30,1060,12,35,61,64
2002,Sortly,0,MacOSX,21,0,20,17,0,21,28,28
2002,Widgetry,1,iOS,38,17,38,2039,0,38,419,413
2002,Sortly,1,Android,35,10,23,203,5,25,47,56
2002,Botly,1,Android,29,9,29,1048,0,29,22,24
2002,Sortly,0,Windows,21,1,20,4,0,20,21,23
2002,Sortly,0,iOS,421,316,51,3505,108,92,455,486
2006,Sortly,1,Android,36,10,25,385,5,28,62,67
2006,Sortly,1,iOS,68,31,41,1684,12,46,93,109
2006,Sortly,0,MacOSX,22,1,20,9,1,20,22,28
2006,Botly,1,Android,28,8,28,686,0,28,21,23
2006,Sortly,0,Linux,21,1,20,13,0,21,25,31
2006,Sortly,0,iOS,488,367,82,6636,123,154,968,1239
2006,Widgetry,1,iOS,32,11,32,1332,0,32,459,402
2006,Botly,0,Android,51,29,51,3446,0,51,20,20
2006,Sortly,0,Android,127,76,29,898,35,48,237,420
2006,Sortly,0,Windows,22,1,21,47,0,21,24,21
2006,Sortly,1,Windows,20,0,20,66,0,20,25,21
2006,Widgetry,0,iOS,177,150,177,20726,0,177,5074,3879
2006,Sortly,1,MacOSX,20,0,20,8,0,20,20,20
2006,Sortly,1,Android,42,12,27,587,6,32,58,80
2006,Botly,0,Android,54,32,54,4028,0,54,20,20
2006,Widgetry,1,iOS,35,14,35,1847,0,35,527,430
2006,Widgetry,0,iOS,188,161,188,21258,0,188,5300,4184
2006,Sortly,0,Android,135,79,30,932,41,47,279,468
2006,Sortly,1,iOS,77,36,45,2296,16,50,137,157
2006,Botly,1,Android,29,8,29,872,0,29,20,20
2006,Sortly,1,MacOSX,20,0,20,36,0,20,21,21
2006,Sortly,1,Linux,20,0,20,6,0,20,22,22
2006,Sortly,0,Windows,22,1,20,32,1,21,24,23
2006,Sortly,0,iOS,531,398,88,7595,135,172,1157,1504
2006,Sortly,0,MacOSX,23,2,21,111,1,21,29,33
2006,Sortly,1,Windows,21,0,20,14,0,20,20,21
2006,Sortly,1,Android,46,13,27,500,9,32,68,88
2006,Widgetry,1,iOS,33,12,33,1385,0,33,340,353
2006,Widgetry,0,iOS,205,175,205,23984,0,205,5330,4298
2006,Sortly,1,Linux,20,0,20,14,0,20,21,20
2006,Botly,0,Android,51,30,51,3548,0,51,20,20
2006,Sortly,0,MacOSX,25,2,21,62,2,21,33,37
2006,Sortly,1,iOS,78,37,43,1974,13,49,108,145
2006,Sortly,0,Android,153,92,29,879,43,48,259,465
2006,Sortly,0,iOS,630,467,92,7029,160,172,1163,1509
2006,Sortly,0,Windows,23,3,21,110,1,21,26,24
2006,Sortly,0,Linux,21,1,20,44,0,21,21,22
2006,Sortly,1,Windows,20,0,20,13,0,20,21,20
2006,Botly,1,Android,29,8,29,742,0,29,20,20
2006,Sortly,1,MacOSX,21,0,20,19,0,21,22,20
2006,Sortly,0,iOS,602,447,94,7936,150,179,1097,1374
2006,Widgetry,1,iOS,33,12,33,1307,0,33,285,239
2006,Sortly,0,Android,144,89,29,856,39,47,239,405
2006,Sortly,1,iOS,81,37,42,2062,17,49,112,122
2006,Sortly,0,MacOSX,24,2,21,133,1,21,32,30
2006,Sortly,0,Windows,23,2,21,81,0,21,26,26
2006,Botly,0,Android,53,31,53,3646,0,53,20,21
2006,Sortly,1,Android,39,12,25,408,7,29,70,110
2006,Botly,1,Android,27,6,27,515,0,27,20,21
2006,Widgetry,0,iOS,205,175,205,24548,0,205,5327,4241
2006,Sortly,1,Windows,21,0,21,51,0,21,23,20
2006,Sortly,0,Linux,21,0,20,9,0,20,22,25
2006,Sortly,1,MacOSX,21,0,20,29,0,20,21,20
2006,Widgetry,0,iOS,197,169,197,22069,0,197,4789,3779
2006,Sortly,1,Linux,20,0,20,7,0,20,20,20
2006,Widgetry,1,iOS,34,13,34,1503,0,34,341,244
2006,Sortly,1,Android,43,12,27,636,7,32,69,88
2006,Sortly,0,MacOSX,23,2,20,36,1,21,31,29
2006,Sortly,1,Windows,21,0,20,29,0,21,21,21
2006,Sortly,0,Windows,23,3,21,111,0,22,28,25
2006,Sortly,0,Android,145,89,31,1013,40,49,233,455
2006,Botly,1,Android,26,6,26,554,0,26,20,20
2006,Botly,0,Android,51,30,51,3514,0,51,22,25
2006,Sortly,0,Linux,21,1,20,15,0,21,22,24
2006,Sortly,1,MacOSX,20,0,20,20,0,20,20,20
2006,Sortly,1,iOS,82,38,45,2111,17,52,120,152
2006,Sortly,0,iOS,558,418,85,7404,141,160,990,1300
2006,Sortly,0,Linux,21,0,20,11,0,20,20,20
2006,Botly,0,Android,53,31,53,4124,0,53,20,20
2006,Botly,1,Android,28,7,28,716,0,28,22,21
2006,Sortly,1,MacOSX,20,0,20,17,0,20,20,21
2006,Sortly,1,iOS,78,36,43,2082,15,48,120,143
2006,Sortly,1,Android,39,11,26,443,6,30,49,59
2006,Widgetry,0,iOS,187,160,187,21783,0,187,4420,3550
2006,Sortly,0,MacOSX,22,2,20,18,1,21,25,26
2006,Sortly,1,Windows,21,0,20,34,0,20,21,20
2006,Sortly,0,Android,151,91,30,780,44,50,252,437
2006,Widgetry,1,iOS,33,12,33,1313,0,33,334,307
2006,Sortly,0,iOS,588,435,87,7328,154,163,1103,1321
2006,Sortly,0,Windows,24,3,21,63,1,21,29,23
2006,Sortly,0,iOS,499,374,81,6952,128,149,912,1191
2006,Sortly,1,Windows,20,0,20,44,0,20,21,20
2006,Sortly,1,MacOSX,20,0,20,16,0,20,21,20
2006,Botly,0,Android,44,23,44,2327,0,44,20,20
2006,Sortly,0,Android,130,78,29,922,36,48,219,391
2006,Botly,1,Android,27,7,27,720,0,27,20,20
2006,Sortly,0,Windows,23,2,21,46,1,21,26,24
2006,Widgetry,0,iOS,163,136,163,17289,0,163,3931,3029
2006,Sortly,0,MacOSX,22,1,20,40,0,21,23,22
2006,Sortly,1,Android,38,11,25,495,5,29,55,66
2006,Sortly,1,Linux,20,0,20,9,0,20,21,23
2006,Sortly,1,iOS,74,35,43,1962,13,50,117,137
2006,Widgetry,1,iOS,33,12,33,1353,0,33,293,312
2006,Sortly,0,iOS,466,350,79,6748,124,145,887,1170
2006,Widgetry,1,iOS,33,12,33,1246,0,33,302,290
2006,Botly,1,Android,26,6,26,531,0,26,20,20
2006,Sortly,1,MacOSX,20,0,20,6,0,20,21,20
2006,Widgetry,0,iOS,166,140,166,18206,0,166,4519,3605
2006,Sortly,1,Android,38,10,26,594,5,29,63,94
2006,Sortly,0,Android,115,66,28,700,34,45,198,351
2006,Sortly,1,Windows,21,0,20,19,0,20,24,21
2006,Sortly,0,Windows,21,1,20,13,0,21,33,40
2006,Sortly,0,Linux,21,0,20,5,0,20,21,21
2006,Sortly,1,iOS,79,35,44,2016,16,51,120,153
2006,Botly,0,Android,47,25,47,2754,0,47,21,21
2006,Sortly,0,MacOSX,22,1,21,63,0,21,23,22
2006,Sortly,0,iOS,510,381,92,7677,129,172,1153,1472
2006,Sortly,0,Android,125,76,27,703,36,47,227,381
2006,Sortly,1,iOS,76,36,44,2197,15,50,127,146
2006,Sortly,1,Windows,20,0,20,33,0,20,21,20
2006,Sortly,1,Android,39,11,26,520,5,31,60,84
2006,Botly,0,Android,51,29,51,3600,0,51,23,25
2006,Widgetry,1,iOS,35,14,35,1986,0,35,390,379
2006,Sortly,0,Windows,22,1,20,12,0,20,25,29
2006,Botly,1,Android,26,5,26,595,0,26,20,21
2006,Sortly,0,Linux,21,0,20,3,0,20,24,27
2006,Widgetry,0,iOS,188,160,188,20784,0,188,5107,4144
2006,Sortly,1,MacOSX,20,0,20,10,0,20,20,20
2006,Sortly,0,MacOSX,21,0,20,22,0,20,25,31
2006,Widgetry,1,iOS,35,15,35,1814,0,35,369,345
2006,Sortly,1,Windows,21,0,21,41,0,21,22,21
2006,Sortly,1,Android,42,13,27,609,5,31,61,86
2006,Widgetry,0,iOS,203,174,203,23441,0,203,4893,4023
2006,Botly,1,Android,28,8,28,809,0,28,21,25
2006,Sortly,0,iOS,615,464,91,8128,159,169,1080,1427
2006,Sortly,0,Windows,23,3,21,162,0,22,28,21
2006,Sortly,0,MacOSX,23,2,21,53,1,21,26,27
2006,Sortly,1,iOS,83,39,43,1989,18,49,138,156
2006,Sortly,1,MacOSX,20,0,20,19,0,20,23,24
2006,Sortly,0,Linux,21,0,20,5,0,20,23,24
2006,Sortly,0,Android,159,98,31,1069,44,51,296,577
2006,Botly,0,Android,48,27,48,3257,0,48,21,21
2006,Sortly,0,iOS,608,451,95,8568,153,174,1056,1341
2006,Sortly,0,Android,153,90,31,1130,40,56,256,450
2006,Botly,1,Android,27,6,27,643,0,27,20,20
2006,Sortly,1,Windows,21,0,20,31,0,20,21,22
2006,Widgetry,0,iOS,212,183,212,24371,0,212,5466,4401
2006,Sortly,1,iOS,82,38,46,2623,15,51,122,147
2006,Widgetry,1,iOS,34,13,34,1415,0,34,328,248
2006,Sortly,0,Linux,21,0,20,15,0,20,21,23
2006,Sortly,1,MacOSX,21,0,20,26,0,21,21,20
2006,Sortly,1,Linux,20,0,20,4,0,20,20,20
2006,Sortly,0,Windows,25,4,21,98,1,22,35,32
2006,Sortly,1,Android,41,12,25,360,6,29,48,68
2006,Sortly,0,MacOSX,22,2,20,89,1,21,32,33
2006,Botly,0,Android,54,32,54,4132,1,54,20,20
2006,Sortly,0,Android,162,101,31,1118,38,54,277,446
2006,Widgetry,0,iOS,223,193,223,25840,0,223,5670,4685
2006,Sortly,1,iOS,83,37,45,2152,16,50,126,147
2006,Sortly,1,Android,40,12,26,588,5,30,50,66
2006,Sortly,0,Linux,22,1,20,6,0,21,22,24
2006,Botly,0,Android,51,29,51,3259,0,51,23,29
2006,Sortly,1,Linux,20,0,20,19,0,20,21,21
2006,Sortly,1,MacOSX,21,0,21,33,0,21,21,20
2006,Botly,1,Android,27,7,27,678,0,27,20,20
2006,Widgetry,1,iOS,33,13,33,1356,0,33,242,295
2006,Sortly,0,Windows,26,5,21,162,0,22,31,37
2006,Sortly,0,iOS,669,505,99,8888,147,187,1099,1455
2006,Sortly,0,MacOSX,22,2,20,19,0,21,25,26
2006,Sortly,1,Windows,21,1,21,91,0,21,24,24
2007,Sortly,1,Linux,20,0,20,5,0,20,21,20
2007,Sortly,0,iOS,678,511,89,7212,168,173,1230,1526
2007,Sortly,1,MacOSX,21,0,20,5,1,20,22,22
2007,Sortly,1,Android,41,11,26,466,7,30,66,75
2007,Widgetry,1,iOS,35,14,35,1534,0,35,377,329
2007,Sortly,0,Android,168,104,31,1086,46,53,261,463
2007,Botly,1,Android,27,6,27,643,0,27,20,20
2007,Botly,0,Android,48,26,48,2836,0,48,23,24
2007,Sortly,0,Windows,24,4,21,46,1,21,27,31
2007,Sortly,1,iOS,84,39,45,2368,15,52,138,151
2007,Sortly,0,MacOSX,22,1,20,29,1,20,24,23
2007,Sortly,0,Linux,21,0,20,21,1,21,21,22
2007,Widgetry,0,iOS,189,163,189,20713,0,189,5145,3935
2007,Sortly,1,Windows,22,1,21,49,0,21,25,24
2007,Botly,0,Android,50,28,50,3177,0,50,23,25
2007,Sortly,0,Windows,25,4,21,78,1,22,31,26
2007,Widgetry,1,iOS,33,12,33,1258,0,33,299,303
2007,Sortly,1,iOS,79,36,42,1835,17,49,111,118
2007,Sortly,1,MacOSX,21,0,21,46,0,21,21,21
2007,Sortly,1,Windows,21,0,21,40,0,21,23,21
2007,Botly,1,Android,28,7,28,692,0,28,20,20
2007,Sortly,0,MacOSX,24,3,21,64,1,21,27,24
2007,Sortly,0,iOS,596,451,80,6179,150,165,958,1165
2007,Sortly,1,Android,44,13,27,577,7,32,65,96
2007,Widgetry,0,iOS,181,154,181,19014,0,181,4409,3346
2007,Sortly,0,Android,163,101,30,894,48,54,294,487
2007,Sortly,0,MacOSX,23,2,20,34,1,21,27,26
2007,Sortly,1,Windows,22,1,21,58,0,21,22,22
2007,Widgetry,1,iOS,30,10,30,1036,0,30,327,300
2007,Widgetry,0,iOS,141,115,141,14873,0,141,3387,2592
2007,Sortly,1,MacOSX,20,0,20,15,0,20,20,20
2007,Sortly,1,Android,38,10,25,462,5,29,53,62
2007,Sortly,0,iOS,523,390,76,6447,134,146,824,1054
2007,Sortly,1,iOS,75,33,41,1833,15,48,101,121
2007,Botly,0,Android,43,22,43,2370,0,43,21,22
2007,Sortly,0,Android,141,86,29,1060,39,48,242,338
2007,Botly,1,Android,26,5,26,401,0,26,20,20
2007,Sortly,0,Windows,23,2,20,38,0,21,29,28
2007,Sortly,1,Linux,20,0,20,6,0,20,20,20
2007,Sortly,1,Android,36,9,25,422,5,28,46,61
2007,Widgetry,1,iOS,29,9,29,1100,0,29,269,192
2007,Sortly,1,Windows,20,0,20,8,0,20,21,20
2007,Sortly,0,Windows,23,2,20,75,0,21,32,34
2007,Botly,0,Android,43,22,43,2586,0,43,21,20
2007,Botly,1,Android,26,5,26,581,0,26,20,20
2007,Sortly,1,MacOSX,20,0,20,4,0,20,20,20
2007,Sortly,0,iOS,473,353,74,5709,126,135,868,1055
2007,Sortly,0,MacOSX,22,1,21,73,1,21,23,23
2007,Sortly,0,Android,138,83,29,928,38,50,316,483
2007,Widgetry,0,iOS,130,107,130,13680,0,130,3577,2688
2007,Sortly,1,iOS,66,27,40,1653,14,44,95,118
2007,Sortly,0,MacOSX,23,2,21,42,1,21,28,25
2007,Widgetry,1,iOS,32,12,32,1102,0,32,321,334
2007,Widgetry,0,iOS,150,125,150,16261,0,150,3767,2787
2007,Sortly,0,Android,149,91,29,883,41,46,263,380
2007,Sortly,0,Linux,21,0,20,8,0,20,21,23
2007,Sortly,1,MacOSX,21,0,20,12,0,20,21,20
2007,Botly,0,Android,45,23,45,2414,0,45,22,21
2007,Sortly,0,iOS,576,430,80,6256,140,148,909,1148
2007,Sortly,1,iOS,74,35,43,1791,14,47,127,126
2007,Sortly,0,Windows,23,2,21,46,1,21,28,29
2007,Sortly,1,Windows,21,0,21,45,0,21,22,20
2007,Botly,1,Android,28,7,28,566,0,28,20,21
2007,Sortly,1,Android,41,12,27,589,6,31,69,105
2007,Widgetry,0,iOS,146,122,146,15652,0,146,3975,2853
2007,Botly,0,Android,44,22,44,2602,0,44,20,20
2007,Sortly,1,Android,36,10,25,349,5,28,52,71
2007,Sortly,0,MacOSX,24,2,20,35,2,21,29,31
2007,Sortly,0,Android,140,86,27,758,39,46,252,411
2007,Sortly,1,Windows,21,0,21,34,0,21,22,22
2007,Widgetry,1,iOS,32,11,32,1296,0,32,427,396
2007,Botly,1,Android,26,6,26,510,0,26,29,20
2007,Sortly,1,MacOSX,20,0,20,16,0,20,21,21
2007,Sortly,0,Linux,21,0,20,18,0,20,20,21
2007,Sortly,0,Windows,23,2,20,21,1,21,25,24
2007,Sortly,1,iOS,70,32,42,1806,12,46,110,126
2007,Sortly,0,iOS,550,421,78,6319,134,150,1009,1315
2007,Sortly,0,MacOSX,25,4,21,80,3,21,31,28
2007,Sortly,1,iOS,79,37,46,2109,14,53,160,174
2007,Widgetry,0,iOS,176,149,176,18637,0,176,5677,4064
2007,Widgetry,1,iOS,33,13,33,1328,0,33,436,400
2007,Sortly,1,Android,38,10,26,720,5,29,67,93
2007,Sortly,1,MacOSX,21,0,20,14,0,20,21,22
2007,Sortly,1,Windows,21,0,20,22,0,20,22,23
2007,Sortly,0,Android,147,94,29,952,40,49,285,456
2007,Botly,1,Android,28,8,28,742,0,28,20,23
2007,Sortly,0,iOS,587,449,85,7005,143,163,1169,1458
2007,Botly,0,Android,47,26,47,3403,0,47,20,20
2007,Sortly,0,Windows,24,4,21,54,1,21,26,28
2007,Sortly,1,iOS,79,36,44,2148,14,50,112,126
2007,Widgetry,1,iOS,31,11,31,1099,0,31,293,238
2007,Sortly,1,Android,37,10,25,386,5,28,40,50
2007,Sortly,1,MacOSX,21,0,20,9,0,20,20,20
2007,Sortly,0,Windows,26,5,21,220,1,22,38,37
2007,Botly,0,Android,48,27,48,3789,0,48,22,56
2007,Sortly,1,Windows,22,1,21,97,0,21,24,23
2007,Sortly,0,iOS,723,544,86,7924,185,168,1209,1454
2007,Sortly,0,MacOSX,25,4,21,82,2,22,28,26
2007,Botly,1,Android,26,6,26,516,0,26,20,20
2007,Sortly,0,Android,175,110,29,937,50,48,302,462
2007,Widgetry,0,iOS,170,145,170,18748,0,170,4568,3457
2007,Widgetry,0,iOS,187,161,187,21222,0,187,5255,3820
2007,Sortly,1,Windows,21,1,21,48,0,21,23,21
2007,Sortly,0,iOS,635,482,84,7014,150,162,1034,1279
2007,Widgetry,1,iOS,31,10,31,1051,0,31,323,309
2007,Sortly,0,Windows,26,5,21,104,1,22,37,37
2007,Sortly,0,Android,172,108,30,806,48,53,333,520
2007,Botly,1,Android,26,5,26,607,0,26,22,21
2007,Botly,0,Android,50,28,50,2877,0,50,22,22
2007,Sortly,1,Android,39,10,26,714,6,29,51,61
2007,Sortly,0,MacOSX,24,3,21,52,1,22,27,29
2007,Sortly,1,MacOSX,21,0,21,38,0,21,22,22
2007,Sortly,1,iOS,85,39,45,2299,15,52,141,164
2007,Sortly,1,Linux,20,0,20,4,0,20,20,20
2007,Sortly,0,Linux,21,0,20,18,0,21,23,26
2008,Sortly,0,iOS,690,525,87,7024,185,175,1138,1513
2008,Sortly,1,iOS,82,39,47,2143,14,54,130,127
2008,Widgetry,1,iOS,35,14,35,1414,0,35,360,273
2008,Sortly,1,MacOSX,20,0,20,29,0,20,20,20
2008,Sortly,0,Linux,20,0,20,8,0,20,21,20
2008,Sortly,0,Windows,24,4,21,171,1,22,37,39
2008,Sortly,1,Android,44,14,29,903,5,34,69,107
2008,Botly,1,Android,25,5,25,509,0,25,20,21
2008,Sortly,1,Windows,21,1,21,91,0,21,24,22
2008,Widgetry,0,iOS,181,155,181,19298,0,181,4568,3369
2008,Sortly,0,Android,197,123,30,995,59,58,315,550
2008,Sortly,0,MacOSX,23,2,21,44,1,21,28,25
2008,Botly,0,Android,34,13,34,1647,0,34,22,21
2008,Sortly,1,MacOSX,21,0,20,16,0,21,21,21
2008,Sortly,0,MacOSX,22,1,20,46,1,21,24,23
2008,Sortly,0,Android,174,109,32,964,49,56,306,513
2008,Sortly,1,Windows,21,0,21,41,0,21,21,20
2008,Sortly,1,iOS,83,40,47,2422,15,55,109,124
2008,Sortly,0,iOS,601,451,79,5860,160,154,957,1209
2008,Sortly,1,Android,44,15,29,816,6,34,60,78
2008,Botly,1,Android,24,3,24,343,0,24,20,20
2008,Widgetry,0,iOS,162,136,162,17026,0,162,3671,2960
2008,Sortly,0,Windows,26,5,21,124,2,22,35,31
2008,Botly,0,Android,30,9,30,1255,0,30,21,21
2008,Widgetry,1,iOS,34,13,34,1385,0,34,292,266
2008,Widgetry,0,iOS,162,136,162,16795,0,162,4026,3396
2008,Sortly,0,iOS,576,438,80,6342,149,156,1047,1374
2008,Sortly,1,MacOSX,21,0,21,51,0,21,21,21
2008,Sortly,1,Android,42,13,29,620,6,33,69,101
2008,Widgetry,1,iOS,35,14,35,1603,0,35,358,328
2008,Sortly,1,Linux,20,0,20,19,0,20,21,26
2008,Sortly,0,Android,166,104,32,1155,52,57,315,475
2008,Sortly,1,Windows,21,0,20,15,0,20,21,20
2008,Botly,1,Android,24,3,24,332,0,24,23,27
2008,Botly,0,Android,33,12,33,1335,0,33,20,20
2008,Sortly,0,Linux,22,1,20,28,1,21,26,27
2008,Sortly,0,MacOSX,23,3,21,68,1,21,24,27
2008,Sortly,0,Windows,23,2,21,36,1,21,24,24
2008,Sortly,1,iOS,84,41,50,2537,16,56,144,181
2008,Sortly,1,MacOSX,20,0,20,9,0,20,22,21
2008,Sortly,0,Android,172,109,31,1163,52,57,349,558
2008,Sortly,1,Windows,21,0,20,40,0,21,24,24
2008,Sortly,0,Windows,23,3,21,82,1,21,30,29
2008,Widgetry,0,iOS,178,152,178,21162,0,178,5484,4055
2008,Sortly,0,Linux,22,1,20,24,1,20,25,26
2008,Sortly,0,MacOSX,23,3,21,38,2,21,26,24
2008,Botly,1,Android,24,4,24,389,0,24,20,21
2008,Widgetry,1,iOS,40,19,40,2252,0,40,616,608
2008,Botly,0,Android,32,11,32,1338,0,32,20,20
2008,Sortly,0,iOS,647,496,95,7670,160,188,1223,1631
2008,Sortly,1,iOS,91,46,51,2773,19,58,160,206
2008,Sortly,1,Android,42,14,27,607,5,33,58,84
2008,Sortly,1,Linux,20,0,20,10,0,20,20,20
2008,Widgetry,1,iOS,37,16,37,1697,0,37,355,319
2008,Sortly,0,Android,209,134,34,1366,58,62,330,562
2008,Sortly,1,Windows,21,0,21,75,0,21,23,27
2008,Botly,0,Android,34,13,34,1626,0,34,22,24
2008,Sortly,0,MacOSX,22,2,20,28,1,21,23,25
2008,Sortly,1,MacOSX,21,0,21,67,0,21,22,21
2008,Sortly,1,iOS,84,42,48,2324,14,55,140,157
2008,Botly,1,Android,24,3,24,304,0,24,20,20
2008,Sortly,0,Windows,27,6,22,112,2,23,36,38
2008,Sortly,0,iOS,755,576,94,7721,208,183,1212,1646
2008,Widgetry,0,iOS,192,166,192,21078,0,192,4788,3834
2008,Sortly,0,Linux,21,0,20,12,0,20,22,25
2008,Sortly,1,Android,45,14,28,676,7,34,58,87
2008,Sortly,0,iOS,687,525,94,8304,179,177,1126,1445
2008,Sortly,0,Windows,26,5,22,166,1,22,35,37
2008,Sortly,1,Android,39,12,27,550,5,31,56,80
2008,Sortly,0,Android,185,119,32,1705,51,56,305,498
2008,Sortly,1,iOS,85,42,49,2456,15,55,148,158
2008,Sortly,0,MacOSX,24,3,21,47,2,22,26,23
2008,Sortly,1,MacOSX,20,0,20,10,0,20,21,21
2008,Sortly,1,Windows,22,1,21,169,0,22,24,22
2008,Botly,1,Android,23,2,23,215,0,23,20,20
2008,Botly,0,Android,35,14,35,1755,0,35,20,20
2008,Sortly,0,Linux,21,1,20,10,0,20,21,22
2008,Widgetry,0,iOS,193,166,193,21509,0,193,4939,3869
2008,Widgetry,1,iOS,37,16,37,1717,0,37,487,454
2008,Sortly,0,Linux,21,0,20,37,0,21,21,21
2008,Sortly,0,MacOSX,23,2,21,48,1,21,31,30
2008,Sortly,1,Windows,21,0,20,18,0,21,22,23
2008,Botly,0,Android,35,15,35,1807,0,35,20,20
2008,Sortly,1,MacOSX,21,0,20,20,0,21,22,23
2008,Widgetry,1,iOS,34,13,34,1324,0,34,394,377
2008,Sortly,0,Android,184,118,32,1056,53,57,292,450
2008,Sortly,0,Windows,24,3,21,116,1,22,31,30
2008,Sortly,0,iOS,681,517,89,7258,172,175,1232,1638
2008,Sortly,1,iOS,79,39,47,2147,13,52,115,146
2008,Sortly,1,Linux,20,0,20,19,0,20,23,23
2008,Widgetry,0,iOS,191,163,191,21348,0,191,4754,3618
2008,Sortly,1,Android,42,14,27,688,6,31,62,93
2008,Botly,1,Android,24,3,24,358,0,24,22,22
2008,Botly,0,Android,34,13,34,1589,0,34,20,20
2008,Sortly,0,Windows,24,3,21,108,1,22,33,30
2008,Widgetry,0,iOS,180,152,180,19922,0,180,4709,3519
2008,Sortly,1,Linux,20,0,20,5,0,20,20,20
2008,Sortly,1,Windows,21,0,21,54,0,21,22,21
2008,Sortly,1,MacOSX,21,0,20,32,0,20,21,20
2008,Sortly,1,Android,45,15,29,787,7,33,65,95
2008,Sortly,0,iOS,693,524,89,7151,184,177,1062,1424
2008,Sortly,0,Android,185,119,31,1183,57,57,279,489
2008,Botly,1,Android,24,3,24,355,0,24,21,20
2008,Sortly,1,iOS,85,42,49,2547,15,56,122,149
2008,Widgetry,1,iOS,33,12,33,1384,0,33,373,290
2008,Sortly,0,MacOSX,24,3,21,64,2,21,26,23
2008,Sortly,1,Android,47,17,30,841,8,34,59,78
2008,Sortly,1,iOS,85,42,50,2559,15,56,140,150
2008,Botly,1,Android,23,2,23,196,0,23,20,20
2008,Sortly,0,Linux,21,1,20,25,0,20,21,23
2008,Sortly,0,Android,179,109,32,1131,55,55,298,494
2008,Sortly,0,MacOSX,23,2,20,19,2,21,26,28
2008,Botly,0,Android,31,10,31,1068,0,31,21,22
2008,Sortly,0,Windows,25,4,21,65,2,21,29,29
2008,Sortly,1,Windows,21,0,20,50,0,20,22,20
2008,Sortly,1,MacOSX,21,0,20,19,0,20,21,25
2008,Widgetry,0,iOS,169,143,169,17393,0,169,3705,3122
2008,Widgetry,1,iOS,36,15,36,1344,0,36,353,321
2008,Sortly,0,iOS,644,487,86,7110,171,176,988,1325
2008,Sortly,1,iOS,78,38,46,2339,14,52,152,171
2008,Botly,0,Android,33,12,33,1448,0,33,23,21
2008,Sortly,0,Linux,21,1,20,29,0,21,24,27
2008,Sortly,0,Windows,22,2,21,108,1,21,30,29
2008,Widgetry,1,iOS,35,14,35,1478,0,35,408,363
2008,Botly,1,Android,23,3,23,317,0,23,21,22
2008,Sortly,1,MacOSX,20,0,20,12,0,20,20,20
2008,Sortly,0,Android,162,104,30,1058,46,54,335,543
2008,Sortly,0,MacOSX,23,2,20,50,2,21,27,24
2008,Sortly,0,iOS,603,462,87,7398,155,172,1113,1415
2008,Widgetry,0,iOS,162,136,162,17973,0,162,4219,3204
2008,Sortly,1,Android,38,12,26,476,4,30,46,78
2008,Sortly,1,Windows,22,0,21,95,0,21,23,23
2008,Sortly,1,MacOSX,21,0,20,16,0,20,20,20
2008,Sortly,0,Linux,21,1,20,9,0,20,23,27
2008,Sortly,0,Android,165,108,31,1212,44,55,339,582
2008,Widgetry,0,iOS,190,163,190,21045,0,190,5444,4203
2008,Botly,0,Android,36,15,36,1772,0,36,25,23
2008,Sortly,1,Android,44,15,30,855,5,35,77,120
2008,Sortly,1,Linux,20,0,20,5,0,20,20,20
2008,Sortly,0,MacOSX,25,3,21,97,2,21,29,26
2008,Botly,1,Android,23,3,23,321,0,23,20,20
2008,Sortly,0,Windows,24,3,21,95,1,22,38,53
2008,Widgetry,1,iOS,39,18,39,1801,0,39,577,538
2008,Sortly,1,iOS,90,46,51,2554,19,59,150,185
2008,Sortly,0,iOS,642,491,91,7738,166,184,1210,1573
2008,Sortly,1,Windows,21,0,20,11,0,20,20,20
2008,Botly,1,Android,24,3,24,339,0,24,20,20
2008,Botly,0,Android,32,11,32,1359,0,32,22,23
2008,Sortly,0,Windows,26,5,21,110,2,22,32,32
2008,Sortly,0,Android,202,132,32,1324,55,60,359,607
2008,Widgetry,1,iOS,37,16,37,1769,0,37,326,375
2008,Sortly,0,iOS,768,590,96,8152,193,194,1307,1636
2008,Sortly,0,MacOSX,25,3,21,56,2,22,26,24
2008,Sortly,1,Windows,22,1,21,99,0,21,24,21
2008,Sortly,1,Android,42,14,29,697,4,34,62,85
2008,Sortly,1,iOS,88,45,49,2644,18,55,129,137
2008,Sortly,1,MacOSX,20,0,20,6,0,20,20,20
2008,Widgetry,0,iOS,192,165,192,21246,0,192,5019,3806
2008,Sortly,0,Linux,21,0,20,5,0,20,21,26
2009,Sortly,1,iOS,77,36,44,2341,14,51,109,139
2009,Sortly,0,Linux,21,0,20,15,0,20,22,24
2009,Sortly,1,Android,36,10,26,451,4,29,55,76
2009,Sortly,0,Windows,23,2,21,51,1,21,30,30
2009,Botly,1,Android,22,2,22,159,0,22,20,20
2009,Sortly,0,iOS,650,499,85,7984,172,177,1266,1702
2009,Sortly,1,Windows,20,0,20,21,0,20,24,27
2009,Sortly,0,Android,170,108,31,1046,52,53,320,479
2009,Sortly,1,MacOSX,20,0,20,6,0,20,20,21
2009,Widgetry,0,iOS,158,132,158,18062,0,158,4525,3294
2009,Sortly,0,MacOSX,23,2,21,104,1,22,29,35
2009,Widgetry,1,iOS,33,12,33,1730,0,33,350,316
2009,Botly,0,Android,30,9,30,979,0,30,23,24
2009,Botly,0,Android,31,10,31,1279,0,31,20,23
2009,Sortly,1,Windows,21,0,21,43,0,21,22,21
2009,Sortly,1,Android,47,16,31,1028,6,35,85,131
2009,Sortly,1,iOS,91,48,50,2774,20,57,137,186
2009,Sortly,0,Windows,24,3,21,35,1,22,27,27
2009,Sortly,1,MacOSX,21,0,21,64,0,21,21,21
2009,Widgetry,0,iOS,201,173,201,24886,0,201,5834,4584
2009,Sortly,0,MacOSX,24,4,21,50,2,22,29,32
2009,Sortly,0,iOS,855,661,106,10012,228,217,1588,2219
2009,Sortly,0,Android,216,140,34,1374,62,64,430,802
2009,Widgetry,1,iOS,35,14,35,1946,0,35,278,327
2009,Botly,1,Android,23,2,23,233,0,23,20,20
2009,Sortly,0,Windows,27,5,21,170,1,23,35,39
2009,Sortly,0,iOS,773,585,90,8241,204,179,1184,1502
2009,Botly,0,Android,31,10,31,1174,0,31,20,20
2009,Botly,1,Android,22,1,22,127,0,22,20,20
2009,Sortly,1,iOS,76,39,45,2275,13,50,121,140
2009,Sortly,1,Android,38,11,27,455,4,31,46,54
2009,Sortly,0,Android,212,137,32,1235,59,57,304,533
2009,Sortly,1,MacOSX,21,0,20,17,0,21,21,20
2009,Widgetry,1,iOS,34,13,34,1521,0,34,464,409
2009,Widgetry,0,iOS,195,168,195,23700,0,195,4678,3633
2009,Sortly,0,MacOSX,25,4,21,105,2,21,30,44
2009,Sortly,1,Windows,21,0,21,55,0,21,24,22
2009,Sortly,0,Windows,26,5,22,179,1,22,34,27
2009,Widgetry,0,iOS,201,174,201,24015,0,201,4900,3730
2009,Botly,0,Android,31,10,31,1226,0,31,20,20
2009,Sortly,1,Windows,21,0,21,69,0,21,22,21
2009,Sortly,0,Android,194,123,32,1139,54,56,309,521
2009,Sortly,0,MacOSX,25,3,21,115,2,21,27,24
2009,Sortly,1,MacOSX,21,0,20,52,0,20,20,20
2009,Sortly,1,iOS,82,40,48,2618,15,55,111,115
2009,Sortly,1,Android,38,11,26,630,3,30,56,83
2009,Widgetry,1,iOS,31,10,31,1018,0,31,245,237
2009,Sortly,0,iOS,714,543,86,7993,189,172,1073,1397
2009,Botly,1,Android,23,3,23,290,0,23,23,22
2009,Botly,1,Android,22,1,22,347,0,22,20,20
2009,Sortly,1,MacOSX,21,0,21,49,0,21,21,21
2009,Sortly,1,Android,38,11,26,606,4,29,58,75
2009,Sortly,1,Windows,21,1,21,50,0,21,24,22
2009,Sortly,0,iOS,755,577,92,8117,207,184,1202,1642
2009,Widgetry,1,iOS,32,12,32,1317,0,32,344,308
2009,Widgetry,0,iOS,198,172,198,23891,0,198,4692,3707
2009,Sortly,0,Windows,25,4,21,74,2,21,33,28
2009,Botly,0,Android,32,11,32,1203,0,32,22,21
2009,Sortly,1,iOS,72,34,44,2157,13,48,102,111
2009,Sortly,0,Android,203,129,32,1305,58,59,346,638
2009,Sortly,0,MacOSX,24,3,21,77,2,21,25,27
2009,Widgetry,1,iOS,31,11,31,1090,0,31,256,210
2009,Widgetry,0,iOS,155,130,155,17181,0,155,3437,2711
2009,Sortly,0,Windows,24,4,21,78,1,22,28,23
2009,Sortly,1,Android,38,10,26,515,4,29,50,74
2009,Sortly,1,MacOSX,20,0,20,15,0,20,20,20
2009,Sortly,1,Windows,20,0,20,11,0,20,21,20
2009,Sortly,0,Android,175,106,29,934,53,50,320,482
2009,Sortly,0,iOS,633,487,78,6870,169,158,956,1264
2009,Botly,0,Android,29,8,29,989,0,29,21,20
2009,Sortly,1,iOS,76,35,46,2448,13,52,111,139
2009,Sortly,0,MacOSX,22,2,21,123,1,21,23,23
2009,Botly,1,Android,23,2,23,218,0,23,21,20
2009,Widgetry,0,iOS,165,137,165,19181,0,165,4689,3394
2009,Widgetry,1,iOS,31,11,31,1366,0,31,341,308
2009,Sortly,0,iOS,662,510,83,6860,183,169,1146,1560
2009,Sortly,0,Windows,23,3,21,46,1,22,29,32
2009,Sortly,1,iOS,68,30,42,2370,11,46,106,111
2009,Sortly,1,MacOSX,20,0,20,13,0,20,22,21
2009,Sortly,1,Windows,20,0,20,10,0,20,21,23
2009,Sortly,1,Android,37,11,27,627,4,30,64,88
2009,Sortly,0,Android,162,100,29,1010,47,53,335,515
2009,Botly,1,Android,22,1,22,244,0,22,20,20
2009,Botly,0,Android,31,10,31,1500,0,31,21,24
2009,Sortly,0,MacOSX,23,2,20,7,1,21,28,29
2009,Sortly,0,Windows,24,3,21,109,1,21,29,25
2009,Widgetry,0,iOS,183,157,183,22529,0,183,5717,4089
2009,Sortly,1,Android,40,13,27,640,5,31,64,88
2009,Sortly,1,iOS,70,34,43,1988,13,47,126,138
2009,Widgetry,1,iOS,31,10,31,1260,0,31,365,277
2009,Sortly,1,MacOSX,21,0,20,28,0,21,21,21
2009,Botly,0,Android,31,10,31,1255,0,31,21,20
2009,Sortly,0,Android,168,106,31,1165,46,57,391,624
2009,Botly,1,Android,22,2,22,186,0,22,20,20
2009,Sortly,0,iOS,700,550,87,7857,184,178,1330,1841
2009,Sortly,1,Windows,21,0,20,22,0,20,21,20
2009,Sortly,0,MacOSX,24,3,21,122,2,21,28,30
2009,Sortly,0,iOS,769,598,85,7541,206,167,1152,1634
2009,Botly,1,Android,22,1,22,151,0,22,20,20
2009,Sortly,0,MacOSX,24,3,21,107,2,21,25,23
2009,Sortly,1,Windows,21,0,21,71,0,21,22,23
2009,Sortly,0,Windows,26,5,21,82,2,22,32,31
2009,Botly,0,Android,31,10,31,1232,0,31,21,20
2009,Widgetry,0,iOS,182,156,182,21565,0,182,4530,3422
2009,Sortly,1,Android,38,12,27,729,4,30,67,93
2009,Sortly,1,iOS,76,36,44,2198,14,50,109,118
2009,Sortly,0,Android,196,127,30,1497,60,52,304,511
2009,Sortly,1,MacOSX,20,0,20,10,0,20,20,20
2009,Widgetry,1,iOS,31,10,31,1194,0,31,335,245
2009,Sortly,0,MacOSX,25,3,21,86,2,22,32,40
2009,Botly,1,Android,21,1,21,123,0,21,20,20
2009,Sortly,0,iOS,737,556,92,8504,188,177,1120,1482
2009,Widgetry,0,iOS,184,157,184,21890,0,184,4215,3230
2009,Botly,0,Android,28,8,28,918,0,28,20,20
2009,Sortly,1,Windows,21,0,21,49,0,21,22,21
2009,Sortly,1,MacOSX,21,0,20,45,0,21,21,20
2009,Sortly,0,Android,181,118,28,666,51,54,322,489
2009,Sortly,1,Android,39,10,26,471,5,30,49,74
2009,Sortly,0,Windows,25,3,21,136,2,22,28,27
2009,Widgetry,1,iOS,31,10,31,1184,0,31,314,246
2009,Sortly,1,iOS,71,33,42,1867,13,48,92,109
2009,Sortly,0,MacOSX,24,3,21,67,2,21,29,28
2009,Botly,0,Android,30,9,30,1077,0,30,20,20
2009,Sortly,0,Windows,25,4,21,113,1,22,35,36
2009,Botly,1,Android,23,2,23,258,0,23,20,20
2009,Widgetry,1,iOS,33,12,33,1281,0,33,371,308
2009,Widgetry,0,iOS,187,159,187,22031,0,187,4547,3540
2009,Sortly,1,iOS,77,36,44,2566,14,51,104,143
2009,Sortly,0,Android,175,111,31,1100,49,52,322,519
2009,Sortly,1,Android,40,12,27,629,5,31,51,67
2009,Sortly,0,iOS,691,527,85,7543,184,166,1071,1416
2009,Sortly,1,MacOSX,21,0,20,22,0,21,21,20
2009,Sortly,1,Windows,21,0,21,68,0,21,22,20
2009,Sortly,1,Windows,29,6,25,606,0,27,72,68
2009,Widgetry,0,iOS,177,149,177,21651,0,177,4141,3078
2009,Widgetry,1,iOS,32,12,32,1325,0,32,368,276
2009,Sortly,1,Android,44,13,28,664,6,32,62,83
2009,Sortly,0,Android,187,117,32,1167,55,57,332,530
2009,Sortly,1,iOS,69,32,42,2052,11,47,97,116
2009,Sortly,0,Windows,30,8,22,152,2,24,47,51
2009,Sortly,0,MacOSX,23,2,20,46,1,21,27,23
2009,Sortly,0,iOS,699,535,86,7339,193,167,1056,1489
2009,Sortly,1,MacOSX,21,0,20,21,0,20,21,20
2009,Botly,1,Android,22,2,22,227,0,22,20,20
2009,Botly,0,Android,30,10,30,1086,0,30,25,27
2009,Sortly,0,Linux,21,0,20,12,0,20,20,20
2010,Sortly,1,Windows,21,0,21,52,0,21,22,20
2010,Widgetry,0,iOS,201,174,201,27589,0,201,4656,3722
2010,Sortly,1,Android,38,11,27,573,4,30,64,91
2010,Widgetry,1,iOS,31,11,31,1275,0,31,210,171
2010,Sortly,0,Linux,21,0,20,11,0,20,21,24
2010,Sortly,0,MacOSX,28,7,21,168,1,26,42,31
2010,Sortly,1,iOS,64,29,38,1976,12,44,86,104
2010,Botly,1,Android,21,1,21,92,0,21,20,20
2010,Botly,0,Android,29,8,29,1152,0,29,21,20
2010,Sortly,0,Windows,26,5,22,135,1,22,32,30
2010,Sortly,1,MacOSX,21,0,20,24,0,20,21,21
2010,Sortly,0,iOS,812,613,80,7727,221,206,1526,2005
2010,Sortly,0,Android,228,145,31,1116,64,70,511,783
2010,Sortly,0,Android,210,132,30,995,64,59,406,654
2010,Sortly,0,Windows,25,4,21,93,1,22,28,26
2010,Widgetry,1,iOS,34,13,34,1534,0,34,230,226
2010,Widgetry,0,iOS,195,167,195,25291,0,195,4604,3326
2010,Botly,0,Android,30,10,30,1445,0,30,21,21
2010,Sortly,1,Android,42,12,27,533,6,31,63,85
2010,Sortly,0,iOS,724,559,79,7058,202,178,1225,1614
2010,Sortly,0,MacOSX,24,3,21,133,2,21,26,30
2010,Sortly,1,iOS,67,31,39,2016,13,44,104,138
2010,Sortly,1,MacOSX,21,0,21,33,0,21,21,21
2010,Botly,1,Android,21,1,21,115,0,21,20,20
2010,Sortly,1,Windows,21,1,21,106,0,21,27,24
2010,Sortly,0,Android,212,135,31,1292,62,59,367,620
2010,Widgetry,1,iOS,30,10,30,1335,0,30,211,241
2010,Sortly,1,iOS,66,30,39,2017,11,43,84,123
2010,Sortly,0,Windows,25,4,21,76,2,21,31,34
2010,Sortly,0,MacOSX,26,5,21,88,3,21,32,31
2010,Sortly,0,iOS,705,538,87,8501,204,173,1151,1548
2010,Sortly,1,Android,43,13,28,847,4,33,51,74
2010,Sortly,1,MacOSX,20,0,20,16,0,20,20,20
2010,Botly,1,Android,22,2,22,219,0,22,20,20
2010,Widgetry,0,iOS,181,155,181,23631,0,181,3790,2802
2010,Botly,0,Android,30,9,30,1277,0,30,20,20
2010,Sortly,1,Windows,21,0,21,70,0,21,21,20
2010,Sortly,0,Android,179,113,31,1089,56,51,282,474
2010,Widgetry,0,iOS,155,129,155,19581,0,155,3276,2506
2010,Sortly,1,Windows,20,0,20,16,0,20,20,21
2010,Botly,1,Android,22,2,22,188,0,22,20,20
2010,Sortly,1,Android,41,12,28,629,5,31,44,64
2010,Widgetry,1,iOS,30,9,30,959,0,30,185,219
2010,Sortly,0,MacOSX,24,3,21,73,2,21,24,23
2010,Sortly,0,Linux,21,0,20,5,0,20,20,21
2010,Sortly,1,MacOSX,21,0,21,80,0,21,25,24
2010,Sortly,0,iOS,610,466,75,7091,181,148,955,1208
2010,Botly,0,Android,27,6,27,736,0,27,20,20
2010,Sortly,0,Windows,25,4,21,88,2,22,32,35
2010,Sortly,1,iOS,69,32,41,2028,13,46,97,108
2010,Sortly,0,MacOSX,23,2,21,82,2,21,31,40
2010,Widgetry,0,iOS,166,140,166,21771,0,166,4147,3254
2010,Sortly,1,MacOSX,20,0,20,33,0,20,21,20
2010,Botly,1,Android,21,1,21,113,0,21,20,20
2010,Sortly,1,Android,43,13,28,790,6,33,63,83
2010,Sortly,0,iOS,614,470,79,7879,177,155,1226,1569
2010,Sortly,0,Windows,23,2,21,75,1,21,31,31
2010,Botly,0,Android,29,8,29,1232,0,29,20,20
2010,Sortly,1,Windows,21,0,21,28,0,21,22,20
2010,Sortly,1,iOS,66,29,39,2011,13,42,89,93
2010,Widgetry,1,iOS,28,7,28,917,0,28,208,155
2010,Sortly,0,Android,175,110,28,869,57,53,321,526
2010,Sortly,1,Android,40,12,27,724,5,31,62,89
2010,Botly,0,Android,32,11,32,1913,0,32,21,22
2010,Sortly,0,MacOSX,24,3,21,168,2,22,34,45
2010,Sortly,1,iOS,82,41,47,2615,17,52,128,154
2010,Widgetry,1,iOS,33,13,33,1437,0,33,364,308
2010,Sortly,0,iOS,740,569,96,9791,210,194,1552,2043
2010,Sortly,0,Windows,23,2,21,51,1,21,31,33
2010,Botly,1,Android,23,2,23,317,0,23,21,21
2010,Sortly,1,Windows,21,0,21,69,0,21,22,23
2010,Widgetry,0,iOS,198,170,198,27382,0,198,5447,4094
2010,Sortly,1,MacOSX,21,0,21,86,0,21,21,20
2010,Sortly,0,Android,191,124,31,1454,54,59,414,717
2010,Botly,0,Android,38,17,38,2284,0,38,21,21
2010,Sortly,1,MacOSX,21,0,20,42,0,21,21,21
2010,Sortly,0,iOS,841,640,91,8816,243,188,1407,1827
2010,Sortly,1,Android,44,13,27,680,6,32,61,91
2010,Sortly,0,Linux,20,0,20,19,0,20,22,25
2010,Widgetry,0,iOS,207,179,207,27023,0,207,4802,3884
2010,Sortly,0,Windows,26,5,22,190,3,23,34,32
2010,Widgetry,1,iOS,35,14,35,1505,0,35,304,279
2010,Sortly,1,Linux,20,0,20,4,0,20,20,20
2010,Sortly,1,Windows,22,1,21,105,0,21,24,21
2010,Botly,1,Android,23,3,23,417,0,23,20,20
2010,Sortly,0,Android,230,149,32,1548,72,58,344,606
2010,Sortly,0,MacOSX,26,4,21,92,3,22,27,29
2010,Sortly,1,iOS,84,40,46,2863,17,53,131,170
2010,Widgetry,0,iOS,210,181,210,28749,0,210,4844,3961
2010,Sortly,0,iOS,785,596,93,9341,220,182,1244,1683
2010,Sortly,0,MacOSX,24,3,21,64,2,21,30,31
2010,Sortly,1,Android,40,12,27,580,5,30,47,62
2010,Sortly,0,Windows,24,4,21,79,2,22,30,33
2010,Sortly,0,Linux,21,0,20,16,0,20,20,20
2010,Sortly,1,MacOSX,21,0,20,65,0,20,21,20
2010,Widgetry,1,iOS,32,12,32,1462,0,32,214,221
2010,Sortly,1,Windows,21,0,21,38,0,21,22,21
2010,Sortly,1,Linux,20,0,20,18,0,20,20,20
2010,Sortly,0,Android,213,138,33,1756,61,61,366,596
2010,Sortly,1,iOS,68,32,40,2055,12,44,95,112
2010,Botly,0,Android,43,22,43,2826,0,43,20,20
2010,Botly,1,Android,24,3,24,349,0,24,20,20
2010,Sortly,0,Android,200,129,29,1120,60,57,348,576
2010,Sortly,1,iOS,73,35,42,2329,13,47,116,136
2010,Sortly,0,Windows,28,7,21,132,3,22,39,41
2010,Botly,1,Android,26,6,26,634,0,26,20,20
2010,Sortly,1,MacOSX,20,0,20,34,0,20,20,21
2010,Widgetry,0,iOS,214,186,214,30962,0,214,4967,3798
2010,Botly,0,Android,45,22,45,3209,0,45,20,20
2010,Sortly,0,MacOSX,25,4,21,152,3,22,29,26
2010,Sortly,1,Windows,21,0,21,35,0,21,21,21
2010,Widgetry,1,iOS,32,12,32,1998,0,32,279,259
2010,Sortly,1,Android,42,14,27,648,5,30,70,86
2010,Sortly,0,iOS,758,577,95,9774,206,184,1224,1637
2010,Sortly,0,iOS,790,593,89,8887,239,180,1242,1604
2010,Sortly,1,MacOSX,21,0,20,28,0,20,20,20
2010,Sortly,0,MacOSX,24,3,21,40,2,21,24,25
2010,Sortly,0,Android,221,143,33,1713,65,61,375,647
2010,Sortly,1,Android,40,12,27,754,5,31,57,72
2010,Sortly,1,iOS,78,37,45,2957,16,52,114,150
2010,Widgetry,0,iOS,198,168,198,27194,0,198,4361,3491
2010,Widgetry,1,iOS,32,11,32,1425,0,32,237,196
2010,Sortly,0,Windows,24,3,21,111,1,21,29,26
2010,Botly,1,Android,26,6,26,717,0,26,20,20
2010,Botly,0,Android,45,24,45,3298,0,45,21,20
2010,Sortly,1,Windows,21,0,20,18,0,20,21,23
2010,Botly,1,Android,25,5,25,642,0,25,20,20
2010,Sortly,1,Windows,21,0,20,21,0,20,21,20
2010,Widgetry,1,iOS,32,12,32,1332,0,32,201,188
2010,Sortly,1,iOS,70,33,41,2000,13,47,95,112
2010,Sortly,0,MacOSX,24,3,21,84,2,21,25,30
2010,Sortly,0,Android,202,126,33,1344,65,60,342,554
2010,Widgetry,0,iOS,162,136,162,20967,0,162,3437,2625
2010,Sortly,0,Windows,24,4,21,98,1,22,29,29
2010,Sortly,1,Android,39,11,27,729,5,30,54,83
2010,Botly,0,Android,42,20,42,2840,0,42,20,20
2010,Sortly,0,iOS,663,507,77,7536,195,155,1004,1289
2010,Sortly,1,MacOSX,21,0,20,43,0,20,20,21
2010,Sortly,0,iOS,658,503,82,7685,193,170,1253,1704
2010,Sortly,0,Android,176,112,29,1077,55,57,352,551
2010,Sortly,1,Windows,21,0,20,24,0,20,24,30
2010,Widgetry,0,iOS,167,142,167,22831,0,167,4228,3355
2010,Sortly,1,iOS,76,35,46,2882,16,52,129,147
2010,Botly,0,Android,44,22,44,3573,0,44,20,20
2010,Sortly,1,Android,38,11,27,678,4,31,51,74
2010,Sortly,0,MacOSX,25,4,21,150,2,22,30,29
2010,Widgetry,1,iOS,31,10,31,1375,0,31,240,242
2010,Botly,1,Android,26,5,26,609,0,26,20,20
2010,Sortly,0,Windows,24,3,21,81,1,22,32,30
2010,Sortly,1,MacOSX,20,0,20,43,0,20,21,20
2011,Sortly,0,MacOSX,24,3,21,40,1,21,28,28
2011,Sortly,0,Android,183,116,32,1297,57,56,308,473
2011,Sortly,1,MacOSX,20,0,20,21,0,20,20,20
2011,Widgetry,0,iOS,156,132,156,20004,0,156,3238,2393
2011,Sortly,1,Android,43,14,29,953,4,33,63,87
2011,Widgetry,1,iOS,29,8,29,1046,0,29,253,217
2011,Sortly,1,Windows,21,0,20,22,0,20,21,20
2011,Sortly,1,iOS,65,28,39,1829,12,44,105,130
2011,Botly,1,Android,26,5,26,650,0,26,20,20
2011,Sortly,0,Windows,26,5,21,108,2,22,32,32
2011,Botly,0,Android,41,20,41,2533,0,41,20,20
2011,Sortly,0,iOS,594,454,71,6686,175,147,920,1158
2011,Sortly,0,Linux,22,1,20,9,1,20,33,25
2011,Sortly,1,Windows,21,0,21,157,0,21,23,23
2011,Widgetry,1,iOS,34,13,34,1751,0,34,399,307
2011,Sortly,0,MacOSX,25,4,21,160,2,22,38,28
2011,Sortly,1,iOS,71,33,42,2380,13,47,114,119
2011,Sortly,1,MacOSX,21,0,21,77,0,21,21,20
2011,Sortly,1,Android,43,13,28,815,6,32,56,86
2011,Sortly,0,Windows,24,3,20,37,1,21,30,28
2011,Sortly,0,iOS,686,519,85,9031,199,177,1267,1611
2011,Sortly,1,Linux,20,0,20,17,0,20,20,20
2011,Sortly,0,Android,180,116,31,1240,56,53,340,555
2011,Widgetry,0,iOS,174,147,174,23186,0,174,4351,3264
2011,Botly,0,Android,47,25,47,3918,0,47,20,20
2011,Botly,1,Android,26,5,26,614,0,26,21,21
2011,Botly,0,Android,50,29,50,3838,0,50,20,20
2011,Widgetry,0,iOS,207,179,207,29779,0,207,5994,4393
2011,Sortly,1,Windows,21,0,21,52,0,21,21,21
2011,Widgetry,1,iOS,36,15,36,1962,0,36,404,308
2011,Sortly,1,MacOSX,21,0,21,89,0,21,21,20
2011,Botly,1,Android,27,7,27,742,0,27,20,20
2011,Sortly,1,iOS,83,42,47,3132,17,54,118,158
2011,Sortly,0,MacOSX,25,4,21,150,2,22,31,32
2011,Sortly,0,Linux,22,2,20,13,1,20,24,28
2011,Sortly,1,Android,44,15,28,796,6,34,69,97
2011,Sortly,1,Linux,20,0,20,14,0,20,20,20
2011,Sortly,0,Android,210,136,33,1461,63,63,584,767
2011,Sortly,0,Windows,24,4,21,121,1,21,29,24
2011,Sortly,0,iOS,791,607,103,11183,227,205,1634,2046
2011,Widgetry,0,iOS,213,185,213,29595,0,213,5083,3729
2011,Widgetry,1,iOS,33,12,33,1567,0,33,330,225
2011,Botly,0,Android,50,28,50,3818,0,50,20,20
2011,Sortly,0,MacOSX,26,5,21,201,2,22,30,30
2011,Sortly,1,MacOSX,21,0,21,73,0,21,21,22
2011,Botly,1,Android,27,6,27,593,0,27,20,20
2011,Sortly,1,Linux,20,0,20,6,0,20,22,21
2011,Sortly,0,Android,233,149,33,1739,74,61,487,676
2011,Sortly,0,Linux,22,1,20,10,1,21,23,27
2011,Sortly,0,iOS,877,666,94,9855,250,196,1429,1795
2011,Sortly,1,iOS,81,39,45,2944,15,52,107,115
2011,Sortly,1,Windows,21,1,21,100,0,21,24,22
2011,Sortly,0,Windows,29,8,22,247,3,23,46,49
2011,Sortly,1,Android,42,13,28,989,5,31,45,57
2011,Widgetry,1,iOS,33,12,33,1697,0,33,331,222
2011,Sortly,0,Android,224,145,32,1239,69,61,522,704
2011,Sortly,0,iOS,839,636,99,10628,239,206,1363,1696
2011,Widgetry,0,iOS,213,185,213,30276,0,213,5231,3680
2011,Sortly,0,MacOSX,24,3,21,73,2,21,28,33
2011,Sortly,1,Windows,22,1,21,81,0,21,22,21
2011,Sortly,1,iOS,76,37,42,2275,13,50,118,144
2011,Sortly,1,MacOSX,21,0,20,55,0,20,21,20
2011,Botly,1,Android,26,6,26,693,0,26,20,20
2011,Botly,0,Android,50,28,50,4005,0,50,21,22
2011,Sortly,1,Android,42,14,28,699,6,31,59,75
2011,Sortly,0,Windows,27,5,22,242,2,23,39,47
2011,Sortly,1,MacOSX,21,0,21,55,0,21,21,20
2011,Sortly,0,MacOSX,25,4,21,125,2,22,26,24
2011,Sortly,1,Windows,22,1,22,118,0,22,25,23
2011,Widgetry,0,iOS,189,161,189,26921,0,189,4345,3109
2011,Sortly,0,iOS,784,593,89,9627,220,190,1239,1554
2011,Sortly,0,Android,209,135,32,1468,66,63,333,522
2011,Botly,1,Android,26,5,26,702,0,26,20,20
2011,Sortly,1,Android,40,12,27,736,5,30,49,60
2011,Widgetry,1,iOS,32,11,32,1304,0,32,223,202
2011,Sortly,1,iOS,71,33,41,2547,13,48,102,108
2011,Botly,0,Android,48,27,48,3643,0,48,20,22
2011,Sortly,0,Windows,26,5,21,129,2,23,37,34
2011,Sortly,1,MacOSX,21,0,21,61,0,21,22,21
2011,Widgetry,0,iOS,198,171,198,26523,0,198,5023,3627
2011,Widgetry,1,iOS,32,11,32,1320,0,32,265,211
2011,Botly,1,Android,27,6,27,578,0,27,20,20
2011,Sortly,0,Windows,27,6,22,183,2,23,32,32
2011,Sortly,1,Windows,21,0,21,117,0,21,22,21
2011,Sortly,1,iOS,81,39,45,3137,16,51,108,117
2011,Botly,0,Android,49,27,49,3657,0,49,23,22
2011,Sortly,0,Android,235,151,34,1630,73,67,414,704
2011,Sortly,1,Android,45,15,31,1195,5,35,79,103
2011,Sortly,0,Linux,22,1,20,30,0,21,23,24
2011,Sortly,0,MacOSX,26,5,21,41,2,22,35,41
2011,Sortly,0,iOS,814,619,97,10890,245,202,1279,1649
2011,Sortly,1,iOS,78,37,47,2851,14,53,118,128
2011,Widgetry,1,iOS,30,9,30,1266,0,30,248,183
2011,Sortly,0,iOS,758,575,86,9227,234,179,1135,1490
2011,Sortly,1,MacOSX,20,0,20,21,0,20,20,20
2011,Sortly,0,Windows,25,4,21,87,2,21,29,27
2011,Botly,1,Android,26,6,26,796,0,26,20,20
2011,Botly,0,Android,42,20,42,2807,0,42,20,20
2011,Sortly,1,Windows,20,0,20,11,0,20,20,20
2011,Sortly,0,MacOSX,23,2,20,95,2,21,24,21
2011,Sortly,0,Linux,21,1,20,27,1,20,26,35
2011,Sortly,1,Android,47,15,29,989,6,35,72,110
2011,Widgetry,0,iOS,166,141,166,22130,0,166,3692,2694
2011,Sortly,0,Android,227,148,34,1851,72,67,404,612
2011,Widgetry,0,iOS,174,147,174,23767,0,174,4768,3303
2011,Sortly,0,MacOSX,25,4,21,56,2,21,42,43
2011,Sortly,1,Android,42,14,28,834,5,33,67,95
2011,Sortly,1,iOS,74,36,44,3011,15,50,115,122
2011,Sortly,1,Windows,21,0,21,41,0,21,22,23
2011,Sortly,0,Android,194,129,30,1182,60,55,354,590
2011,Botly,1,Android,28,7,28,830,0,28,20,20
2011,Sortly,0,iOS,772,588,93,10344,230,191,1353,1753
2011,Botly,0,Android,48,27,48,4085,0,48,24,28
2011,Sortly,1,MacOSX,21,0,21,44,0,21,21,20
2011,Sortly,0,Windows,25,4,21,94,2,22,32,37
2011,Widgetry,1,iOS,32,11,32,1428,0,32,385,288
2011,Botly,0,Android,49,27,49,3906,0,49,21,21
2011,Sortly,1,Linux,20,0,20,33,0,20,20,21
2011,Sortly,0,Android,215,140,35,2055,64,68,431,722
2011,Sortly,1,MacOSX,21,0,21,167,0,21,20,20
2011,Sortly,1,Windows,21,0,20,59,0,21,22,20
2011,Sortly,0,Linux,22,2,20,40,0,21,25,31
2011,Sortly,1,Android,47,16,29,812,7,34,79,107
2011,Widgetry,0,iOS,202,176,202,29826,0,202,5680,4229
2011,Sortly,0,Windows,25,4,21,236,1,22,38,48
2011,Widgetry,1,iOS,35,14,35,2198,0,35,415,363
2011,Sortly,0,MacOSX,25,4,21,67,3,21,28,31
2011,Botly,1,Android,27,6,27,629,0,27,20,20
2011,Sortly,0,iOS,817,633,92,9637,239,199,1583,2049
2011,Sortly,1,iOS,87,45,49,3544,18,56,158,163
2011,Sortly,1,Windows,22,1,21,80,1,21,22,21
2011,Sortly,0,iOS,922,713,99,11362,266,213,1529,1991
2011,Sortly,1,MacOSX,21,0,21,56,0,21,22,21
2011,Sortly,1,iOS,82,41,46,2676,15,53,141,158
2011,Sortly,0,Windows,28,7,21,133,2,23,38,37
2011,Widgetry,1,iOS,33,12,33,1352,0,33,226,243
2011,Sortly,1,Android,44,13,29,1315,5,34,70,88
2011,Widgetry,0,iOS,214,186,214,30246,0,214,5593,4229
2011,Sortly,0,Android,240,161,33,1598,75,66,397,685
2011,Botly,1,Android,26,5,26,739,0,26,20,20
2011,Sortly,0,MacOSX,27,5,21,209,3,22,37,41
2011,Sortly,0,Linux,22,1,21,71,1,21,25,26
2011,Botly,0,Android,48,26,48,3854,0,48,36,23
2011,Sortly,1,Windows,22,1,21,98,0,21,23,23
2011,Sortly,0,MacOSX,27,6,21,199,4,22,32,36
2011,Widgetry,0,iOS,217,188,217,30737,0,217,5335,3963
2011,Sortly,1,MacOSX,21,0,20,22,0,20,21,20
2011,Botly,1,Android,25,4,25,429,0,25,20,20
2011,Sortly,0,Linux,22,1,20,39,0,21,22,23
2011,Sortly,1,iOS,84,42,46,2808,17,53,122,141
2011,Sortly,0,iOS,886,669,107,12450,263,220,1462,1770
2011,Widgetry,1,iOS,32,11,32,1498,0,32,292,247
2011,Sortly,0,Windows,28,7,21,167,2,23,36,32
2011,Sortly,0,Android,227,150,34,1634,70,65,381,628
2011,Botly,0,Android,47,26,47,3728,0,47,20,21
2011,Sortly,1,Android,44,15,27,663,6,32,64,82
2012,Sortly,0,iOS,1158,915,124,14193,346,273,2119,2879
2012,Sortly,1,Android,59,25,34,1408,9,43,81,132
2012,Sortly,0,Android,295,203,36,2139,91,80,533,917
2012,Widgetry,1,iOS,37,16,37,1713,0,37,370,342
2012,Botly,1,Android,31,10,31,1538,0,31,20,20
2012,Sortly,0,Linux,23,2,20,19,1,21,31,46
2012,Sortly,1,MacOSX,23,1,22,146,1,22,23,22
2012,Sortly,0,Windows,29,8,22,261,3,24,48,42
2012,Widgetry,0,iOS,229,200,229,31680,0,229,5994,4487
2012,Sortly,1,Linux,20,0,20,12,0,20,20,20
2012,Sortly,1,iOS,125,69,64,4715,32,74,200,222
2012,Sortly,0,MacOSX,30,8,22,279,5,23,47,44
2012,Botly,0,Android,54,32,54,4381,0,54,20,20
2012,Sortly,1,Windows,23,2,22,177,0,22,26,23
2012,Botly,1,Android,37,16,37,1929,0,37,23,20
2012,Sortly,1,Linux,21,0,21,80,0,21,21,21
2012,Sortly,1,MacOSX,26,4,23,296,2,23,30,27
2012,Sortly,1,iOS,268,165,132,11397,61,158,418,502
2012,Sortly,0,Linux,22,2,20,59,1,21,32,40
2012,Widgetry,1,iOS,51,30,51,3360,0,51,601,537
2012,Widgetry,0,iOS,303,271,303,41259,0,303,6536,5725
2012,Botly,0,Android,72,50,72,6683,1,72,20,20
2012,Sortly,0,Android,485,330,54,3830,152,124,848,1572
2012,Sortly,1,Android,105,55,53,3304,20,70,164,254
2012,Sortly,0,Windows,45,22,27,654,6,33,87,74
2012,Sortly,1,Windows,30,8,27,602,2,27,46,32
2012,Sortly,0,iOS,1795,1391,207,22707,529,421,2619,3833
2012,Sortly,0,MacOSX,34,11,23,341,6,25,40,31
2012,Widgetry,0,iOS,222,192,222,28693,0,222,5264,4070
2012,Sortly,0,Android,331,225,38,2048,106,83,478,719
2012,Botly,0,Android,56,34,56,4583,0,56,20,20
2012,Sortly,1,iOS,135,75,72,5757,30,84,174,194
2012,Botly,1,Android,29,8,29,913,0,29,20,20
2012,Sortly,1,Windows,24,3,23,327,1,23,29,26
2012,Sortly,0,Linux,23,2,20,37,1,21,30,36
2012,Sortly,0,iOS,1177,913,131,14155,350,275,1683,2072
2012,Sortly,0,MacOSX,29,7,22,211,5,23,37,39
2012,Sortly,1,Android,66,28,38,1990,10,47,87,119
2012,Sortly,1,MacOSX,22,1,21,118,1,21,21,20
2012,Widgetry,1,iOS,35,14,35,2038,0,35,326,269
2012,Sortly,0,Windows,54,26,23,287,21,26,45,47
2012,Sortly,0,Linux,22,1,20,23,0,21,23,27
2012,Botly,0,Android,55,33,55,4352,0,55,20,20
2012,Widgetry,0,iOS,230,201,230,30559,0,230,5133,4108
2012,Sortly,1,MacOSX,22,1,21,72,1,21,21,20
2012,Sortly,1,Android,67,26,37,1627,14,46,97,133
2012,Sortly,0,Windows,139,100,23,317,101,25,49,80
2012,Sortly,1,iOS,124,71,69,5336,28,78,187,205
2012,Botly,1,Android,28,7,28,855,0,28,20,20
2012,Sortly,0,iOS,1116,862,128,14210,327,261,1631,2061
2012,Sortly,0,MacOSX,29,7,22,240,4,23,36,32
2012,Widgetry,1,iOS,35,14,35,1757,0,35,364,340
2012,Sortly,1,Linux,20,0,20,6,0,20,20,21
2012,Sortly,0,Android,323,217,38,2311,98,83,486,776
2012,Sortly,1,Windows,25,3,24,347,1,24,30,24
2012,Botly,1,Android,29,8,29,859,0,29,20,20
2012,Widgetry,1,iOS,39,18,39,2364,0,39,362,372
2012,Sortly,1,Windows,26,4,23,332,1,24,30,23
2012,Sortly,0,iOS,1064,816,129,14465,312,266,1591,1976
2012,Botly,0,Android,57,34,57,4702,0,57,20,20
2012,Sortly,1,Android,65,28,37,1670,12,45,81,124
2012,Sortly,1,Linux,20,0,20,6,0,20,22,22
2012,Sortly,1,MacOSX,22,1,21,78,1,21,22,20
2012,Sortly,0,Android,299,199,38,2129,99,81,447,752
2012,Sortly,1,iOS,135,77,71,5300,31,83,194,238
2012,Sortly,0,Linux,23,2,20,6,1,21,33,50
2012,Widgetry,0,iOS,223,194,223,29986,0,223,4626,3585
2012,Sortly,0,Windows,35,10,23,487,6,26,48,31
2012,Sortly,0,MacOSX,28,7,22,330,3,23,36,33
2012,Botly,1,Android,32,12,32,1510,0,32,20,20
2012,Widgetry,1,iOS,41,20,41,2461,0,41,393,316
2012,Sortly,0,Windows,33,11,24,508,4,26,48,50
2012,Sortly,1,Windows,25,3,23,368,1,23,30,23
2012,Sortly,0,Linux,23,2,20,34,1,22,32,39
2012,Sortly,1,Linux,20,0,20,38,0,20,21,21
2012,Botly,0,Android,60,37,60,4859,0,60,25,25
2012,Sortly,0,iOS,1165,885,144,14792,353,298,1908,2281
2012,Sortly,0,MacOSX,31,8,22,312,5,24,39,34
2012,Sortly,1,MacOSX,24,2,22,155,1,23,25,24
2012,Sortly,1,iOS,169,96,84,6957,40,98,252,257
2012,Sortly,0,Android,338,220,44,2623,113,92,587,942
2012,Widgetry,0,iOS,213,181,213,28661,0,213,5057,3764
2012,Sortly,1,Android,79,36,42,2243,16,54,107,138
2012,Botly,1,Android,32,11,32,1218,0,32,20,20
2012,Widgetry,0,iOS,234,203,234,30913,0,234,5841,4456
2012,Sortly,0,Android,318,216,44,2754,96,95,647,987
2012,Botly,0,Android,59,37,59,5367,0,59,28,22
2012,Widgetry,1,iOS,39,18,39,2629,0,39,449,396
2012,Sortly,1,Linux,21,0,20,23,0,20,22,28
2012,Sortly,1,Android,75,34,40,2117,15,50,120,176
2012,Sortly,1,iOS,170,100,90,7387,41,104,277,310
2012,Sortly,0,Windows,28,7,22,213,2,24,41,34
2012,Sortly,1,MacOSX,23,1,22,145,1,22,25,22
2012,Sortly,0,MacOSX,29,7,23,312,4,24,41,34
2012,Sortly,0,iOS,1167,898,147,16602,354,300,2035,2405
2012,Sortly,1,Windows,25,3,23,297,1,24,31,24
2012,Sortly,0,Linux,22,2,20,9,1,21,26,34
2012,Sortly,0,Linux,24,3,21,191,2,22,32,36
2012,Sortly,1,iOS,191,116,96,8256,45,113,296,344
2012,Botly,0,Android,65,43,65,6782,0,65,28,22
2012,Sortly,0,Windows,34,10,24,394,4,25,47,35
2012,Sortly,0,iOS,1306,1010,168,19553,380,352,2372,2868
2012,Sortly,0,Android,335,230,45,2925,104,97,690,1122
2012,Botly,1,Android,36,15,36,1852,0,36,20,20
2012,Sortly,1,MacOSX,24,2,23,259,1,23,25,23
2012,Sortly,1,Linux,21,0,20,45,0,20,21,22
2012,Widgetry,0,iOS,273,239,273,36382,0,273,7509,5555
2012,Sortly,1,Android,78,36,42,2416,13,52,137,199
2012,Sortly,1,Windows,27,5,24,423,1,26,38,34
2012,Widgetry,1,iOS,42,21,42,2623,0,42,515,490
2012,Sortly,0,MacOSX,32,8,23,370,5,24,38,35
2012,Sortly,0,MacOSX,34,11,24,363,6,26,51,50
2012,Sortly,1,Android,82,39,43,2317,15,55,116,179
2012,Botly,0,Android,64,42,64,5638,0,64,21,21
2012,Sortly,1,iOS,174,103,91,8083,40,106,255,279
2012,Botly,1,Android,32,11,32,1192,0,32,20,20
2012,Widgetry,0,iOS,287,254,287,39057,0,287,7335,5527
2012,Sortly,0,Windows,39,16,25,650,6,28,62,41
2012,Sortly,0,Linux,23,2,20,72,1,21,26,37
2012,Sortly,1,Linux,21,0,20,19,0,21,24,25
2012,Sortly,1,MacOSX,23,2,22,214,1,22,24,24
2012,Widgetry,1,iOS,41,21,41,2652,0,41,482,421
2012,Sortly,1,Windows,29,7,27,733,1,28,45,27
2012,Sortly,0,Android,380,255,44,2807,125,96,597,985
2012,Sortly,0,iOS,1443,1112,169,19441,423,351,2280,2786
2012,Sortly,0,Windows,56,20,25,550,17,28,64,54
2012,Sortly,0,MacOSX,33,11,23,350,6,25,44,43
2012,Botly,1,Android,33,12,33,1398,0,33,21,23
2012,Sortly,0,Linux,24,4,20,68,1,22,37,48
2012,Sortly,1,MacOSX,23,2,22,225,1,22,25,26
2012,Botly,0,Android,67,45,67,5975,0,67,20,20
2012,Widgetry,0,iOS,292,259,292,41374,0,292,7607,5720
2012,Widgetry,1,iOS,41,20,41,2467,0,41,393,330
2012,Sortly,0,Android,396,270,46,3076,124,106,696,1143
2012,Sortly,1,iOS,181,111,94,8325,43,111,270,310
2012,Sortly,0,iOS,1464,1135,176,20870,433,361,2279,2794
2012,Sortly,1,Android,86,40,45,2448,15,57,126,196
2012,Sortly,1,Windows,29,6,26,461,2,27,35,25
2012,Sortly,1,Android,87,40,46,2885,16,59,131,178
2012,Sortly,0,Linux,22,1,20,26,1,21,24,30
2012,Sortly,1,MacOSX,24,2,23,282,1,23,24,21
2012,Sortly,1,Windows,28,5,25,466,1,26,39,32
2012,Sortly,1,Linux,20,0,20,6,0,20,21,21
2012,Sortly,0,MacOSX,31,9,23,339,5,24,51,47
2012,Sortly,0,iOS,1366,1056,173,20644,396,356,2133,2638
2012,Widgetry,1,iOS,39,18,39,2170,0,39,315,272
2012,Sortly,1,iOS,193,114,99,9066,43,119,306,322
2012,Botly,1,Android,32,11,32,1264,0,32,20,20
2012,Sortly,0,Android,374,253,47,2911,121,101,583,989
2012,Sortly,0,Windows,40,16,25,599,6,28,62,48
2012,Botly,0,Android,62,40,62,5346,0,62,20,20
2012,Widgetry,0,iOS,277,245,277,37555,0,277,6691,5215
2012,Sortly,0,MacOSX,29,8,22,253,4,24,40,40
2012,Sortly,1,MacOSX,23,2,22,223,1,23,24,23
2012,Botly,1,Android,35,13,35,1684,0,35,20,20
2012,Botly,0,Android,66,43,66,6112,0,66,24,21
2012,Widgetry,1,iOS,41,20,41,2449,0,41,374,362
2012,Widgetry,0,iOS,269,237,269,37654,0,269,6085,4591
2012,Sortly,1,Linux,21,0,20,23,0,21,21,21
2012,Sortly,0,iOS,1287,997,169,19074,382,345,1915,2461
2012,Sortly,1,iOS,190,111,96,8290,44,114,260,258
2012,Sortly,1,Android,93,45,49,3114,18,62,121,165
2012,Sortly,0,Windows,37,14,27,772,4,30,63,56
2012,Sortly,0,Android,371,250,46,3213,128,107,574,948
2012,Sortly,0,Linux,23,2,20,20,1,21,35,44
2012,Sortly,1,Windows,10,7,6,627,2,7,24,9
